Workbook

Sheet 評価表
A1: ID | B1: ニッチ名 | C1: 誰/状態 | D1: 題材・所作 | E1: 英語検索キーワード案(仮説) | F1: 独自性・日本人優位(1-5) ※Claude仮説 | G1: A 上位10冊平均レビュー数 | H1: B レビュー100件未満の冊数 | I1: C 上位3冊平均BSR | J1: D 量産・汎用感(1-5) | K1: 競合の弱さ(5点満点) | L1: 需要(5点満点) | M1: 総合(5点満点) | N1: 判定 | O1: メモ
A2: N01 | B2: 夜勤明けの看護師向け | C2: 夜勤明け・不眠 | D2: 月と植物の太線図 | E2: night shift nurse coloring book stress relief | F2: 3 | K2: =IF(COUNT(G2:H2,J2)<3,"",AVERAGE(IF(G2<=設定!$B$2,5,IF(G2<=設定!$B$3,4,IF(G2<=設定!$B$4,3,IF(G2<=設定!$B$5,2,1)))),MIN(5,H2/2),6-J2)) | L2: =IF(I2="","",IF(I2<=設定!$B$6,5,IF(I2<=設定!$B$7,3,1))) | M2: =IF(OR(K2="",L2=""),"",K2*設定!$B$8+L2*設定!$B$9+F2*設定!$B$10) | N2: =IF(M2="","未調査",IF(M2>=設定!$B$11,"有望","見送り"))
A3: N02 | B3: 柴犬・秋田犬オーナー | C3: 犬種特化 | D3: 日本犬の太線・低負荷 | E3: shiba inu coloring book for adults | F3: 4 | K3: =IF(COUNT(G3:H3,J3)<3,"",AVERAGE(IF(G3<=設定!$B$2,5,IF(G3<=設定!$B$3,4,IF(G3<=設定!$B$4,3,IF(G3<=設定!$B$5,2,1)))),MIN(5,H3/2),6-J3)) | L3: =IF(I3="","",IF(I3<=設定!$B$6,5,IF(I3<=設定!$B$7,3,1))) | M3: =IF(OR(K3="",L3=""),"",K3*設定!$B$8+L3*設定!$B$9+F3*設定!$B$10) | N3: =IF(M3="","未調査",IF(M3>=設定!$B$11,"有望","見送り"))
A4: N03 | B4: 七五三・日本の年中行事 | C4: 英語圏で薄い祝祭 | D4: 着物・千歳飴・神社 | E4: japanese festivals coloring book adults | F4: 5 | K4: =IF(COUNT(G4:H4,J4)<3,"",AVERAGE(IF(G4<=設定!$B$2,5,IF(G4<=設定!$B$3,4,IF(G4<=設定!$B$4,3,IF(G4<=設定!$B$5,2,1)))),MIN(5,H4/2),6-J4)) | L4: =IF(I4="","",IF(I4<=設定!$B$6,5,IF(I4<=設定!$B$7,3,1))) | M4: =IF(OR(K4="",L4=""),"",K4*設定!$B$8+L4*設定!$B$9+F4*設定!$B$10) | N4: =IF(M4="","未調査",IF(M4>=設定!$B$11,"有望","見送り"))
A5: N04 | B5: お月見・十五夜 | C5: 季節マイクロニッチ | D5: 団子・すすき・うさぎ | E5: moon viewing coloring book | F5: 5 | K5: =IF(COUNT(G5:H5,J5)<3,"",AVERAGE(IF(G5<=設定!$B$2,5,IF(G5<=設定!$B$3,4,IF(G5<=設定!$B$4,3,IF(G5<=設定!$B$5,2,1)))),MIN(5,H5/2),6-J5)) | L5: =IF(I5="","",IF(I5<=設定!$B$6,5,IF(I5<=設定!$B$7,3,1))) | M5: =IF(OR(K5="",L5=""),"",K5*設定!$B$8+L5*設定!$B$9+F5*設定!$B$10) | N5: =IF(M5="","未調査",IF(M5>=設定!$B$11,"有望","見送り"))
A6: N05 | B6: 純喫茶・日本の喫茶店 | C6: cozy系 | D6: レトロな店内・道具 | E6: japanese cafe cozy coloring book | F6: 5 | K6: =IF(COUNT(G6:H6,J6)<3,"",AVERAGE(IF(G6<=設定!$B$2,5,IF(G6<=設定!$B$3,4,IF(G6<=設定!$B$4,3,IF(G6<=設定!$B$5,2,1)))),MIN(5,H6/2),6-J6)) | L6: =IF(I6="","",IF(I6<=設定!$B$6,5,IF(I6<=設定!$B$7,3,1))) | M6: =IF(OR(K6="",L6=""),"",K6*設定!$B$8+L6*設定!$B$9+F6*設定!$B$10) | N6: =IF(M6="","未調査",IF(M6>=設定!$B$11,"有望","見送り"))
A7: N06 | B7: 銭湯・日本の風呂 | C7: cozy系 | D7: 番台・桶・富士山の壁絵 | E7: japanese bathhouse sento coloring book | F7: 5 | K7: =IF(COUNT(G7:H7,J7)<3,"",AVERAGE(IF(G7<=設定!$B$2,5,IF(G7<=設定!$B$3,4,IF(G7<=設定!$B$4,3,IF(G7<=設定!$B$5,2,1)))),MIN(5,H7/2),6-J7)) | L7: =IF(I7="","",IF(I7<=設定!$B$6,5,IF(I7<=設定!$B$7,3,1))) | M7: =IF(OR(K7="",L7=""),"",K7*設定!$B$8+L7*設定!$B$9+F7*設定!$B$10) | N7: =IF(M7="","未調査",IF(M7>=設定!$B$11,"有望","見送り"))
A8: N07 | B8: 日本のコンビニ・お菓子 | C8: 小さな幸福の場面 | D8: おにぎり・棚・文房具 | E8: japanese snacks convenience store coloring book | F8: 4 | K8: =IF(COUNT(G8:H8,J8)<3,"",AVERAGE(IF(G8<=設定!$B$2,5,IF(G8<=設定!$B$3,4,IF(G8<=設定!$B$4,3,IF(G8<=設定!$B$5,2,1)))),MIN(5,H8/2),6-J8)) | L8: =IF(I8="","",IF(I8<=設定!$B$6,5,IF(I8<=設定!$B$7,3,1))) | M8: =IF(OR(K8="",L8=""),"",K8*設定!$B$8+L8*設定!$B$9+F8*設定!$B$10) | N8: =IF(M8="","未調査",IF(M8>=設定!$B$11,"有望","見送り"))
A9: N08 | B9: 和菓子と猫 | C9: かわいい×文化 | D9: 季節の和菓子 | E9: wagashi coloring book | F9: 5 | K9: =IF(COUNT(G9:H9,J9)<3,"",AVERAGE(IF(G9<=設定!$B$2,5,IF(G9<=設定!$B$3,4,IF(G9<=設定!$B$4,3,IF(G9<=設定!$B$5,2,1)))),MIN(5,H9/2),6-J9)) | L9: =IF(I9="","",IF(I9<=設定!$B$6,5,IF(I9<=設定!$B$7,3,1))) | M9: =IF(OR(K9="",L9=""),"",K9*設定!$B$8+L9*設定!$B$9+F9*設定!$B$10) | N9: =IF(M9="","未調査",IF(M9>=設定!$B$11,"有望","見送り"))
A10: N09 | B10: 駅弁・日本の旅 | C10: 旅好き | D10: 駅弁・車窓 | E10: japan train travel coloring book | F10: 4 | K10: =IF(COUNT(G10:H10,J10)<3,"",AVERAGE(IF(G10<=設定!$B$2,5,IF(G10<=設定!$B$3,4,IF(G10<=設定!$B$4,3,IF(G10<=設定!$B$5,2,1)))),MIN(5,H10/2),6-J10)) | L10: =IF(I10="","",IF(I10<=設定!$B$6,5,IF(I10<=設定!$B$7,3,1))) | M10: =IF(OR(K10="",L10=""),"",K10*設定!$B$8+L10*設定!$B$9+F10*設定!$B$10) | N10: =IF(M10="","未調査",IF(M10>=設定!$B$11,"有望","見送り"))
A11: N10 | B11: 和柄(麻の葉・青海波)×不安緩和 | C11: 不安の形 | D11: パターンを少ない面で | E11: japanese pattern coloring book anxiety relief | F11: 4 | K11: =IF(COUNT(G11:H11,J11)<3,"",AVERAGE(IF(G11<=設定!$B$2,5,IF(G11<=設定!$B$3,4,IF(G11<=設定!$B$4,3,IF(G11<=設定!$B$5,2,1)))),MIN(5,H11/2),6-J11)) | L11: =IF(I11="","",IF(I11<=設定!$B$6,5,IF(I11<=設定!$B$7,3,1))) | M11: =IF(OR(K11="",L11=""),"",K11*設定!$B$8+L11*設定!$B$9+F11*設定!$B$10) | N11: =IF(M11="","未調査",IF(M11>=設定!$B$11,"有望","見送り"))
A12: N11 | B12: 神社・お守り・鳥居 | C12: スピリチュアル | D12: 参道・お守り・絵馬 | E12: shrine torii coloring book | F12: 5 | K12: =IF(COUNT(G12:H12,J12)<3,"",AVERAGE(IF(G12<=設定!$B$2,5,IF(G12<=設定!$B$3,4,IF(G12<=設定!$B$4,3,IF(G12<=設定!$B$5,2,1)))),MIN(5,H12/2),6-J12)) | L12: =IF(I12="","",IF(I12<=設定!$B$6,5,IF(I12<=設定!$B$7,3,1))) | M12: =IF(OR(K12="",L12=""),"",K12*設定!$B$8+L12*設定!$B$9+F12*設定!$B$10) | N12: =IF(M12="","未調査",IF(M12>=設定!$B$11,"有望","見送り"))
A13: N12 | B13: 商店街・路地裏 | C13: cozy系 | D13: 実在の店先・看板 | E13: japanese street shopfront coloring book | F13: 4 | K13: =IF(COUNT(G13:H13,J13)<3,"",AVERAGE(IF(G13<=設定!$B$2,5,IF(G13<=設定!$B$3,4,IF(G13<=設定!$B$4,3,IF(G13<=設定!$B$5,2,1)))),MIN(5,H13/2),6-J13)) | L13: =IF(I13="","",IF(I13<=設定!$B$6,5,IF(I13<=設定!$B$7,3,1))) | M13: =IF(OR(K13="",L13=""),"",K13*設定!$B$8+L13*設定!$B$9+F13*設定!$B$10) | N13: =IF(M13="","未調査",IF(M13>=設定!$B$11,"有望","見送り"))
... A21: N20 | B21: 温泉旅館・湯けむり | C21: 癒し・旅 | D21: 湯・浴衣・庭 | E21: onsen ryokan coloring book | F21: 5 | K21: =IF(COUNT(G21:H21,J21)<3,"",AVERAGE(IF(G21<=設定!$B$2,5,IF(G21<=設定!$B$3,4,IF(G21<=設定!$B$4,3,IF(G21<=設定!$B$5,2,1)))),MIN(5,H21/2),6-J21)) | L21: =IF(I21="","",IF(I21<=設定!$B$6,5,IF(I21<=設定!$B$7,3,1))) | M21: =IF(OR(K21="",L21=""),"",K21*設定!$B$8+L21*設定!$B$9+F21*設定!$B$10) | N21: =IF(M21="","未調査",IF(M21>=設定!$B$11,"有望","見送り"))
A23: 注:F列(独自性)とE列(キーワード)はClaudeの仮説。黄色セルはAmazon.comで実測して記入。

Sheet 使い方
A1: 塗り絵ニッチ評価表 使い方
A3: 1. 「評価表」シートの黄色セルだけを埋める(Amazon.comで英語キーワードを検索し、上位10冊を見て記入)。
A4: 2. 灰色セルは自動計算。黄色以外は触らない。しきい値は「設定」シートで変更可。
A5: 3. 「独自性(日本人優位)」は私(Claude)の仮説スコア。あなたの感覚で書き換えてOK。
A6: 4. 英語キーワード案も仮説。Amazonの検索サジェストで実際に出る言い回しに直してから調べる。
A8: 【入力項目の定義】
A9: A 上位10冊の平均レビュー数:検索結果の自然検索(Sponsored除く)上位10冊のレビュー数の平均
A10: B レビュー100件未満の冊数:上位10冊のうち、レビューが100件未満の冊数(0〜10)
A11: C 上位3冊の平均BSR:商品ページのBest Sellers Rank(Books全体)の上位3冊平均。小さいほど売れている
A12: D 量産・汎用感(1〜5):上位が似た表紙・同じ「stress relief」題名・AI量産っぽい=5、個別性が高い=1
A14: 【記入例(実在データではなく書式の例)】
A15: 平均レビュー数=85 / 100件未満=6 / 上位3冊平均BSR=120000 / 量産感=4
... A18: 【注意】ここの数字は入力後の判断材料であり、売れる保証ではない。上位3件に入った本のテスト出版で最終確認する。

Sheet 設定
A1: しきい値・重み(青字=変更可の前提) | B1: 値 | C1: メモ
A2: 平均レビュー数 5点の上限 | B2: 50 | C2: 以下なら競合が非常に弱い
A3: 平均レビュー数 4点の上限 | B3: 150
A4: 平均レビュー数 3点の上限 | B4: 400
A5: 平均レビュー数 2点の上限 | B5: 1000 | C5: これ超は1点
A6: BSR 5点の上限(需要あり) | B6: 100000 | C6: 以下なら需要が確かにある
A7: BSR 3点の上限 | B7: 300000 | C7: これ超は需要小(1点)
A8: 重み:競合の弱さ | B8: 0.4 | C8: 合計1.0にする
A9: 重み:需要 | B9: 0.3
A10: 重み:独自性(日本人優位) | B10: 0.3
A11: 『有望』判定の総合点しきい値(5点満点) | B11: 3.5 | C11: 以上で有望
B12: =B8+B9+B10
A13: 重み合計チェック | B13: =B8+B9+B10+0 | C13: 1.0であること
